UserID,UserName,Password,Email,PersonID
1,jbutt@gmail.com,James,jbutt@gmail.com,1
2,josephine_darakjy@darakjy.org,Josephine,josephine_darakjy@darakjy.org,2
3,art@venere.org,Art,art@venere.org,3
4,lpaprocki@hotmail.com,Lenna,lpaprocki@hotmail.com,4
5,donette.foller@cox.net,Donette,donette.foller@cox.net,5
6,simona@morasca.com,Simona,simona@morasca.com,6
7,mitsue_tollner@yahoo.com,Mitsue,mitsue_tollner@yahoo.com,7
8,leota@hotmail.com,Leota,leota@hotmail.com,8
9,sage_wieser@cox.net,Sage,sage_wieser@cox.net,9
10,kris@gmail.com,Kris,kris@gmail.com,10
11,minna_amigon@yahoo.com,Minna,minna_amigon@yahoo.com,11
12,amaclead@gmail.com,Abel,amaclead@gmail.com,12
13,kiley.caldarera@aol.com,Kiley,kiley.caldarera@aol.com,13
14,gruta@cox.net,Graciela,gruta@cox.net,14
15,calbares@gmail.com,Cammy,calbares@gmail.com,15
16,mattie@aol.com,Mattie,mattie@aol.com,16
17,meaghan@hotmail.com,Meaghan,meaghan@hotmail.com,17
18,gladys.rim@rim.org,Gladys,gladys.rim@rim.org,18
19,yuki_whobrey@aol.com,Yuki,yuki_whobrey@aol.com,19
20,fletcher.flosi@yahoo.com,Fletcher,fletcher.flosi@yahoo.com,20
21,bette_nicka@cox.net,Bette,bette_nicka@cox.net,21
22,vinouye@aol.com,Veronika,vinouye@aol.com,22
23,willard@hotmail.com,Willard,willard@hotmail.com,23
24,mroyster@royster.com,Maryann,mroyster@royster.com,24
25,alisha@slusarski.com,Alisha,alisha@slusarski.com,25
26,allene_iturbide@cox.net,Allene,allene_iturbide@cox.net,26
27,chanel.caudy@caudy.org,Chanel,chanel.caudy@caudy.org,27
28,ezekiel@chui.com,Ezekiel,ezekiel@chui.com,28
29,wkusko@yahoo.com,Willow,wkusko@yahoo.com,29
30,bfigeroa@aol.com,Bernardo,bfigeroa@aol.com,30
31,ammie@corrio.com,Ammie,ammie@corrio.com,31
32,francine_vocelka@vocelka.com,Francine,francine_vocelka@vocelka.com,32
33,ernie_stenseth@aol.com,Ernie,ernie_stenseth@aol.com,33
34,albina@glick.com,Albina,albina@glick.com,34
35,asergi@gmail.com,Alishia,asergi@gmail.com,35
36,solange@shinko.com,Solange,solange@shinko.com,36
37,jose@yahoo.com,Jose,jose@yahoo.com,37
38,rozella.ostrosky@ostrosky.com,Rozella,rozella.ostrosky@ostrosky.com,38
39,valentine_gillian@gmail.com,Valentine,valentine_gillian@gmail.com,39
40,kati.rulapaugh@hotmail.com,Kati,kati.rulapaugh@hotmail.com,40
41,youlanda@aol.com,Youlanda,youlanda@aol.com,41
42,doldroyd@aol.com,Dyan,doldroyd@aol.com,42
43,roxane@hotmail.com,Roxane,roxane@hotmail.com,43
44,lperin@perin.org,Lavera,lperin@perin.org,44
45,erick.ferencz@aol.com,Erick,erick.ferencz@aol.com,45
46,fsaylors@saylors.org,Fatima,fsaylors@saylors.org,46
47,jina_briddick@briddick.com,Jina,jina_briddick@briddick.com,47
48,kanisha_waycott@yahoo.com,Kanisha,kanisha_waycott@yahoo.com,48
49,emerson.bowley@bowley.org,Emerson,emerson.bowley@bowley.org,49
50,bmalet@yahoo.com,Blair,bmalet@yahoo.com,50
51,bbolognia@yahoo.com,Brock,bbolognia@yahoo.com,51
52,lnestle@hotmail.com,Lorrie,lnestle@hotmail.com,52
53,sabra@uyetake.org,Sabra,sabra@uyetake.org,53
54,mmastella@mastella.com,Marjory,mmastella@mastella.com,54
55,karl_klonowski@yahoo.com,Karl,karl_klonowski@yahoo.com,55
56,twenner@aol.com,Tonette,twenner@aol.com,56
57,amber_monarrez@monarrez.org,Amber,amber_monarrez@monarrez.org,57
58,shenika@gmail.com,Shenika,shenika@gmail.com,58
59,delmy.ahle@hotmail.com,Delmy,delmy.ahle@hotmail.com,59
60,deeanna_juhas@gmail.com,Deeanna,deeanna_juhas@gmail.com,60
61,bpugh@aol.com,Blondell,bpugh@aol.com,61
62,jamal@vanausdal.org,Jamal,jamal@vanausdal.org,62
63,cecily@hollack.org,Cecily,cecily@hollack.org,63
64,carmelina_lindall@lindall.com,Carmelina,carmelina_lindall@lindall.com,64
65,maurine_yglesias@yglesias.com,Maurine,maurine_yglesias@yglesias.com,65
66,tawna@gmail.com,Tawna,tawna@gmail.com,66
67,penney_weight@aol.com,Penney,penney_weight@aol.com,67
68,elly_morocco@gmail.com,Elly,elly_morocco@gmail.com,68
69,ilene.eroman@hotmail.com,Ilene,ilene.eroman@hotmail.com,69
70,vmondella@mondella.com,Vallie,vmondella@mondella.com,70
71,kallie.blackwood@gmail.com,Kallie,kallie.blackwood@gmail.com,71
72,johnetta_abdallah@aol.com,Johnetta,johnetta_abdallah@aol.com,72
73,brhym@rhym.com,Bobbye,brhym@rhym.com,73
74,micaela_rhymes@gmail.com,Micaela,micaela_rhymes@gmail.com,74
75,tamar@hotmail.com,Tamar,tamar@hotmail.com,75
76,moon@yahoo.com,Moon,moon@yahoo.com,76
77,laurel_reitler@reitler.com,Laurel,laurel_reitler@reitler.com,77
78,delisa.crupi@crupi.com,Delisa,delisa.crupi@crupi.com,78
79,viva.toelkes@gmail.com,Viva,viva.toelkes@gmail.com,79
80,elza@yahoo.com,Elza,elza@yahoo.com,80
81,devorah@hotmail.com,Devorah,devorah@hotmail.com,81
82,timothy_mulqueen@mulqueen.org,Timothy,timothy_mulqueen@mulqueen.org,82
83,ahoneywell@honeywell.com,Arlette,ahoneywell@honeywell.com,83
84,dominque.dickerson@dickerson.org,Dominque,dominque.dickerson@dickerson.org,84
85,lettie_isenhower@yahoo.com,Lettie,lettie_isenhower@yahoo.com,85
86,mmunns@cox.net,Myra,mmunns@cox.net,86
87,stephaine@barfield.com,Stephaine,stephaine@barfield.com,87
88,lai.gato@gato.org,Lai,lai.gato@gato.org,88
89,stephen_emigh@hotmail.com,Stephen,stephen_emigh@hotmail.com,89
90,tshields@gmail.com,Tyra,tshields@gmail.com,90
91,twardrip@cox.net,Tammara,twardrip@cox.net,91
92,cory.gibes@gmail.com,Cory,cory.gibes@gmail.com,92
93,danica_bruschke@gmail.com,Danica,danica_bruschke@gmail.com,93
94,wilda@cox.net,Wilda,wilda@cox.net,94
95,elvera.benimadho@cox.net,Elvera,elvera.benimadho@cox.net,95
96,carma@cox.net,Carma,carma@cox.net,96
97,malinda.hochard@yahoo.com,Malinda,malinda.hochard@yahoo.com,97
98,natalie.fern@hotmail.com,Natalie,natalie.fern@hotmail.com,98
99,lisha@centini.org,Lisha,lisha@centini.org,99
100,arlene_klusman@gmail.com,Arlene,arlene_klusman@gmail.com,100
101,alease@buemi.com,Alease,alease@buemi.com,101
102,louisa@cronauer.com,Louisa,louisa@cronauer.com,102
103,angella.cetta@hotmail.com,Angella,angella.cetta@hotmail.com,103
104,cgoldammer@cox.net,Cyndy,cgoldammer@cox.net,104
105,rosio.cork@gmail.com,Rosio,rosio.cork@gmail.com,105
106,ckorando@hotmail.com,Celeste,ckorando@hotmail.com,106
107,twana.felger@felger.org,Twana,twana.felger@felger.org,107
108,estrella@aol.com,Estrella,estrella@aol.com,108
109,dkines@hotmail.com,Donte,dkines@hotmail.com,109
110,tiffiny_steffensmeier@cox.net,Tiffiny,tiffiny_steffensmeier@cox.net,110
111,emiceli@miceli.org,Edna,emiceli@miceli.org,111
112,sue@aol.com,Sue,sue@aol.com,112
113,jshin@shin.com,Jesusa,jshin@shin.com,113
114,rolland@cox.net,Rolland,rolland@cox.net,114
115,pamella.schmierer@schmierer.org,Pamella,pamella.schmierer@schmierer.org,115
116,gkulzer@kulzer.org,Glory,gkulzer@kulzer.org,116
117,shawna_palaspas@palaspas.org,Shawna,shawna_palaspas@palaspas.org,117
118,brandon_callaro@hotmail.com,Brandon,brandon_callaro@hotmail.com,118
119,scarlet.cartan@yahoo.com,Scarlet,scarlet.cartan@yahoo.com,119
120,oretha_menter@yahoo.com,Oretha,oretha_menter@yahoo.com,120
121,tsmith@aol.com,Ty,tsmith@aol.com,121
122,xuan@gmail.com,Xuan,xuan@gmail.com,122
123,lindsey.dilello@hotmail.com,Lindsey,lindsey.dilello@hotmail.com,123
124,devora_perez@perez.org,Devora,devora_perez@perez.org,124
125,hdemesa@cox.net,Herman,hdemesa@cox.net,125
126,rpapasergi@cox.net,Rory,rpapasergi@cox.net,126
127,talia_riopelle@aol.com,Talia,talia_riopelle@aol.com,127
128,van.shire@shire.com,Van,van.shire@shire.com,128
129,lucina_lary@cox.net,Lucina,lucina_lary@cox.net,129
130,bok.isaacs@aol.com,Bok,bok.isaacs@aol.com,130
131,rolande.spickerman@spickerman.com,Rolande,rolande.spickerman@spickerman.com,131
132,hpaulas@gmail.com,Howard,hpaulas@gmail.com,132
133,kimbery_madarang@cox.net,Kimbery,kimbery_madarang@cox.net,133
134,thurman.manno@yahoo.com,Thurman,thurman.manno@yahoo.com,134
135,becky.mirafuentes@mirafuentes.com,Becky,becky.mirafuentes@mirafuentes.com,135
136,beatriz@yahoo.com,Beatriz,beatriz@yahoo.com,136
137,marti.maybury@yahoo.com,Marti,marti.maybury@yahoo.com,137
138,nieves_gotter@gmail.com,Nieves,nieves_gotter@gmail.com,138
139,lhagele@cox.net,Leatha,lhagele@cox.net,139
140,vklimek@klimek.org,Valentin,vklimek@klimek.org,140
141,melissa@cox.net,Melissa,melissa@cox.net,141
142,sheridan.zane@zane.com,Sheridan,sheridan.zane@zane.com,142
143,bulah_padilla@hotmail.com,Bulah,bulah_padilla@hotmail.com,143
144,audra@kohnert.com,Audra,audra@kohnert.com,144
145,dweirather@aol.com,Daren,dweirather@aol.com,145
146,fjillson@aol.com,Fernanda,fjillson@aol.com,146
147,gearldine_gellinger@gellinger.com,Gearldine,gearldine_gellinger@gellinger.com,147
148,chau@gmail.com,Chau,chau@gmail.com,148
149,theola_frey@frey.com,Theola,theola_frey@frey.com,149
150,cheryl@haroldson.org,Cheryl,cheryl@haroldson.org,150
151,lmerced@gmail.com,Laticia,lmerced@gmail.com,151
152,carissa.batman@yahoo.com,Carissa,carissa.batman@yahoo.com,152
153,lezlie.craghead@craghead.org,Lezlie,lezlie.craghead@craghead.org,153
154,oshealy@hotmail.com,Ozell,oshealy@hotmail.com,154
155,arminda@parvis.com,Arminda,arminda@parvis.com,155
156,reita.leto@gmail.com,Reita,reita.leto@gmail.com,156
157,yolando@cox.net,Yolando,yolando@cox.net,157
158,lizette.stem@aol.com,Lizette,lizette.stem@aol.com,158
159,gpawlowicz@yahoo.com,Gregoria,gpawlowicz@yahoo.com,159
160,cdeleo@deleo.com,Carin,cdeleo@deleo.com,160
161,chantell@yahoo.com,Chantell,chantell@yahoo.com,161
162,dyum@yahoo.com,Dierdre,dyum@yahoo.com,162
163,larae_gudroe@gmail.com,Larae,larae_gudroe@gmail.com,163
164,latrice.tolfree@hotmail.com,Latrice,latrice.tolfree@hotmail.com,164
165,kerry.theodorov@gmail.com,Kerry,kerry.theodorov@gmail.com,165
166,dhidvegi@yahoo.com,Dorthy,dhidvegi@yahoo.com,166
167,fannie.lungren@yahoo.com,Fannie,fannie.lungren@yahoo.com,167
168,evangelina@aol.com,Evangelina,evangelina@aol.com,168
169,novella_degroot@degroot.org,Novella,novella_degroot@degroot.org,169
170,choa@hoa.org,Clay,choa@hoa.org,170
171,jfallick@yahoo.com,Jennifer,jfallick@yahoo.com,171
172,irma.wolfgramm@hotmail.com,Irma,irma.wolfgramm@hotmail.com,172
173,eun@yahoo.com,Eun,eun@yahoo.com,173
174,sylvia_cousey@cousey.org,Sylvia,sylvia_cousey@cousey.org,174
175,nana@aol.com,Nana,nana@aol.com,175
176,layla.springe@cox.net,Layla,layla.springe@cox.net,176
177,joesph_degonia@degonia.org,Joesph,joesph_degonia@degonia.org,177
178,annabelle.boord@cox.net,Annabelle,annabelle.boord@cox.net,178
179,stephaine@cox.net,Stephaine,stephaine@cox.net,179
180,nelida@gmail.com,Nelida,nelida@gmail.com,180
181,marguerita.hiatt@gmail.com,Marguerita,marguerita.hiatt@gmail.com,181
182,ccookey@cookey.org,Carmela,ccookey@cookey.org,182
183,jbrideau@aol.com,Junita,jbrideau@aol.com,183
184,claribel_varriano@cox.net,Claribel,claribel_varriano@cox.net,184
185,benton.skursky@aol.com,Benton,benton.skursky@aol.com,185
186,hillary.skulski@aol.com,Hillary,hillary.skulski@aol.com,186
187,merilyn_bayless@cox.net,Merilyn,merilyn_bayless@cox.net,187
188,tennaco@gmail.com,Teri,tennaco@gmail.com,188
189,merlyn_lawler@hotmail.com,Merlyn,merlyn_lawler@hotmail.com,189
190,gmontezuma@cox.net,Georgene,gmontezuma@cox.net,190
191,jmconnell@hotmail.com,Jettie,jmconnell@hotmail.com,191
192,lemuel.latzke@gmail.com,Lemuel,lemuel.latzke@gmail.com,192
193,mknipp@gmail.com,Melodie,mknipp@gmail.com,193
194,candida_corbley@hotmail.com,Candida,candida_corbley@hotmail.com,194
195,karan_karpin@gmail.com,Karan,karan_karpin@gmail.com,195
196,andra@gmail.com,Andra,andra@gmail.com,196
197,fpoullion@poullion.com,Felicidad,fpoullion@poullion.com,197
198,belen_strassner@aol.com,Belen,belen_strassner@aol.com,198
199,gracia@melnyk.com,Gracia,gracia@melnyk.com,199
200,jhanafan@gmail.com,Jolanda,jhanafan@gmail.com,200
201,barrett.toyama@toyama.org,Barrett,barrett.toyama@toyama.org,201
202,helga_fredicks@yahoo.com,Helga,helga_fredicks@yahoo.com,202
203,apinilla@cox.net,Ashlyn,apinilla@cox.net,203
204,fausto_agramonte@yahoo.com,Fausto,fausto_agramonte@yahoo.com,204
205,ronny.caiafa@caiafa.org,Ronny,ronny.caiafa@caiafa.org,205
206,marge@gmail.com,Marge,marge@gmail.com,206
207,norah.waymire@gmail.com,Norah,norah.waymire@gmail.com,207
208,aliza@aol.com,Aliza,aliza@aol.com,208
209,mpelkowski@pelkowski.org,Mozell,mpelkowski@pelkowski.org,209
210,viola@gmail.com,Viola,viola@gmail.com,210
211,femard@emard.com,Franklyn,femard@emard.com,211
212,willodean_konopacki@konopacki.org,Willodean,willodean_konopacki@konopacki.org,212
213,beckie.silvestrini@silvestrini.com,Beckie,beckie.silvestrini@silvestrini.com,213
214,rgesick@gesick.org,Rebecka,rgesick@gesick.org,214
215,frederica_blunk@gmail.com,Frederica,frederica_blunk@gmail.com,215
216,glen_bartolet@hotmail.com,Glen,glen_bartolet@hotmail.com,216
217,freeman_gochal@aol.com,Freeman,freeman_gochal@aol.com,217
218,vincent.meinerding@hotmail.com,Vincent,vincent.meinerding@hotmail.com,218
219,rima@cox.net,Rima,rima@cox.net,219
220,gsarbacher@gmail.com,Glendora,gsarbacher@gmail.com,220
221,avery@cox.net,Avery,avery@cox.net,221
222,cristy@lother.com,Cristy,cristy@lother.com,222
223,nicolette_brossart@brossart.com,Nicolette,nicolette_brossart@brossart.com,223
224,tracey@hotmail.com,Tracey,tracey@hotmail.com,224
225,virgina_tegarden@tegarden.com,Virgina,virgina_tegarden@tegarden.com,225
226,tfrankel@aol.com,Tiera,tfrankel@aol.com,226
227,alaine_bergesen@cox.net,Alaine,alaine_bergesen@cox.net,227
228,earleen_mai@cox.net,Earleen,earleen_mai@cox.net,228
229,leonida@gobern.org,Leonida,leonida@gobern.org,229
230,ressie.auffrey@yahoo.com,Ressie,ressie.auffrey@yahoo.com,230
231,jmugnolo@yahoo.com,Justine,jmugnolo@yahoo.com,231
232,eladia@saulter.com,Eladia,eladia@saulter.com,232
233,chaya@malvin.com,Chaya,chaya@malvin.com,233
234,gwenn_suffield@suffield.org,Gwenn,gwenn_suffield@suffield.org,234
235,skarpel@cox.net,Salena,skarpel@cox.net,235
236,yoko@fishburne.com,Yoko,yoko@fishburne.com,236
237,taryn.moyd@hotmail.com,Taryn,taryn.moyd@hotmail.com,237
238,katina_polidori@aol.com,Katina,katina_polidori@aol.com,238
239,rickie.plumer@aol.com,Rickie,rickie.plumer@aol.com,239
240,alex@loader.com,Alex,alex@loader.com,240
241,lashon@aol.com,Lashon,lashon@aol.com,241
242,lburnard@burnard.com,Lauran,lburnard@burnard.com,242
243,ceola.setter@setter.org,Ceola,ceola.setter@setter.org,243
244,my@hotmail.com,My,my@hotmail.com,244
245,lorrine.worlds@worlds.com,Lorrine,lorrine.worlds@worlds.com,245
246,peggie@cox.net,Peggie,peggie@cox.net,246
247,mraymo@yahoo.com,Marvel,mraymo@yahoo.com,247
248,daron_dinos@cox.net,Daron,daron_dinos@cox.net,248
249,an_fritz@hotmail.com,An,an_fritz@hotmail.com,249
250,portia.stimmel@aol.com,Portia,portia.stimmel@aol.com,250
251,rhea_aredondo@cox.net,Rhea,rhea_aredondo@cox.net,251
252,bsama@cox.net,Benedict,bsama@cox.net,252
253,alyce@arias.org,Alyce,alyce@arias.org,253
254,heike@gmail.com,Heike,heike@gmail.com,254
255,carey_dopico@dopico.org,Carey,carey_dopico@dopico.org,255
256,dottie@hellickson.org,Dottie,dottie@hellickson.org,256
257,deandrea@yahoo.com,Deandrea,deandrea@yahoo.com,257
258,kimberlie_duenas@yahoo.com,Kimberlie,kimberlie_duenas@yahoo.com,258
259,martina_staback@staback.com,Martina,martina_staback@staback.com,259
260,skye_fillingim@yahoo.com,Skye,skye_fillingim@yahoo.com,260
261,jade.farrar@yahoo.com,Jade,jade.farrar@yahoo.com,261
262,charlene.hamilton@hotmail.com,Charlene,charlene.hamilton@hotmail.com,262
263,geoffrey@gmail.com,Geoffrey,geoffrey@gmail.com,263
264,stevie.westerbeck@yahoo.com,Stevie,stevie.westerbeck@yahoo.com,264
265,pamella@fortino.com,Pamella,pamella@fortino.com,265
266,hhaufler@hotmail.com,Harrison,hhaufler@hotmail.com,266
267,jengelberg@engelberg.org,Johnna,jengelberg@engelberg.org,267
268,buddy.cloney@yahoo.com,Buddy,buddy.cloney@yahoo.com,268
269,dalene.riden@aol.com,Dalene,dalene.riden@aol.com,269
270,jzurcher@zurcher.org,Jerry,jzurcher@zurcher.org,270
271,hdenooyer@denooyer.org,Haydee,hdenooyer@denooyer.org,271
272,joseph_cryer@cox.net,Joseph,joseph_cryer@cox.net,272
273,deonna_kippley@hotmail.com,Deonna,deonna_kippley@hotmail.com,273
274,raymon.calvaresi@gmail.com,Raymon,raymon.calvaresi@gmail.com,274
275,alecia@aol.com,Alecia,alecia@aol.com,275
276,mlayous@hotmail.com,Ma,mlayous@hotmail.com,276
277,detra@aol.com,Detra,detra@aol.com,277
278,terrilyn.rodeigues@cox.net,Terrilyn,terrilyn.rodeigues@cox.net,278
279,slacovara@gmail.com,Salome,slacovara@gmail.com,279
280,garry_keetch@hotmail.com,Garry,garry_keetch@hotmail.com,280
281,mneither@yahoo.com,Matthew,mneither@yahoo.com,281
282,theodora.restrepo@restrepo.com,Theodora,theodora.restrepo@restrepo.com,282
283,noah.kalafatis@aol.com,Noah,noah.kalafatis@aol.com,283
284,csweigard@sweigard.com,Carmen,csweigard@sweigard.com,284
285,lavonda@cox.net,Lavonda,lavonda@cox.net,285
286,junita@aol.com,Junita,junita@aol.com,286
287,herminia@nicolozakes.org,Herminia,herminia@nicolozakes.org,287
288,casie.good@aol.com,Casie,casie.good@aol.com,288
289,reena@hotmail.com,Reena,reena@hotmail.com,289
290,mirta_mallett@gmail.com,Mirta,mirta_mallett@gmail.com,290
291,cathrine.pontoriero@pontoriero.com,Cathrine,cathrine.pontoriero@pontoriero.com,291
292,ftawil@hotmail.com,Filiberto,ftawil@hotmail.com,292
293,rupthegrove@yahoo.com,Raul,rupthegrove@yahoo.com,293
294,sarah.candlish@gmail.com,Sarah,sarah.candlish@gmail.com,294
295,lucy@cox.net,Lucy,lucy@cox.net,295
296,jaquas@aquas.com,Judy,jaquas@aquas.com,296
297,yvonne.tjepkema@hotmail.com,Yvonne,yvonne.tjepkema@hotmail.com,297
298,kayleigh.lace@yahoo.com,Kayleigh,kayleigh.lace@yahoo.com,298
299,felix_hirpara@cox.net,Felix,felix_hirpara@cox.net,299
300,tresa_sweely@hotmail.com,Tresa,tresa_sweely@hotmail.com,300
301,kristeen@gmail.com,Kristeen,kristeen@gmail.com,301
302,jregusters@regusters.com,Jenelle,jregusters@regusters.com,302
303,renea@hotmail.com,Renea,renea@hotmail.com,303
304,olive@aol.com,Olive,olive@aol.com,304
305,lreiber@cox.net,Ligia,lreiber@cox.net,305
306,christiane.eschberger@yahoo.com,Christiane,christiane.eschberger@yahoo.com,306
307,goldie.schirpke@yahoo.com,Goldie,goldie.schirpke@yahoo.com,307
308,loreta.timenez@hotmail.com,Loreta,loreta.timenez@hotmail.com,308
309,fabiola.hauenstein@hauenstein.org,Fabiola,fabiola.hauenstein@hauenstein.org,309
310,amie.perigo@yahoo.com,Amie,amie.perigo@yahoo.com,310
311,raina.brachle@brachle.org,Raina,raina.brachle@brachle.org,311
312,erinn.canlas@canlas.com,Erinn,erinn.canlas@canlas.com,312
313,cherry@lietz.com,Cherry,cherry@lietz.com,313
314,kattie@vonasek.org,Kattie,kattie@vonasek.org,314
315,lilli@aol.com,Lilli,lilli@aol.com,315
316,whitley.tomasulo@aol.com,Whitley,whitley.tomasulo@aol.com,316
317,badkin@hotmail.com,Barbra,badkin@hotmail.com,317
318,hermila_thyberg@hotmail.com,Hermila,hermila_thyberg@hotmail.com,318
319,jesusita.flister@hotmail.com,Jesusita,jesusita.flister@hotmail.com,319
320,caitlin.julia@julia.org,Caitlin,caitlin.julia@julia.org,320
321,roosevelt.hoffis@aol.com,Roosevelt,roosevelt.hoffis@aol.com,321
322,hhalter@yahoo.com,Helaine,hhalter@yahoo.com,322
323,lorean.martabano@hotmail.com,Lorean,lorean.martabano@hotmail.com,323
324,france.buzick@yahoo.com,France,france.buzick@yahoo.com,324
325,jferrario@hotmail.com,Justine,jferrario@hotmail.com,325
326,adelina_nabours@gmail.com,Adelina,adelina_nabours@gmail.com,326
327,ddhamer@cox.net,Derick,ddhamer@cox.net,327
328,jerry.dallen@yahoo.com,Jerry,jerry.dallen@yahoo.com,328
329,leota.ragel@gmail.com,Leota,leota.ragel@gmail.com,329
330,jamyot@hotmail.com,Jutta,jamyot@hotmail.com,330
331,aja_gehrett@hotmail.com,Aja,aja_gehrett@hotmail.com,331
332,kirk.herritt@aol.com,Kirk,kirk.herritt@aol.com,332
333,leonora@yahoo.com,Leonora,leonora@yahoo.com,333
334,winfred_brucato@hotmail.com,Winfred,winfred_brucato@hotmail.com,334
335,tarra.nachor@cox.net,Tarra,tarra.nachor@cox.net,335
336,corinne@loder.org,Corinne,corinne@loder.org,336
337,dulce_labreche@yahoo.com,Dulce,dulce_labreche@yahoo.com,337
338,kate_keneipp@yahoo.com,Kate,kate_keneipp@yahoo.com,338
339,kaitlyn.ogg@gmail.com,Kaitlyn,kaitlyn.ogg@gmail.com,339
340,sherita.saras@cox.net,Sherita,sherita.saras@cox.net,340
341,lstuer@cox.net,Lashawnda,lstuer@cox.net,341
342,ernest@cox.net,Ernest,ernest@cox.net,342
343,nobuko.halsey@yahoo.com,Nobuko,nobuko.halsey@yahoo.com,343
344,lavonna.wolny@hotmail.com,Lavonna,lavonna.wolny@hotmail.com,344
345,llizama@cox.net,Lashaunda,llizama@cox.net,345
346,mariann.bilden@aol.com,Mariann,mariann.bilden@aol.com,346
347,helene@aol.com,Helene,helene@aol.com,347
348,roselle.estell@hotmail.com,Roselle,roselle.estell@hotmail.com,348
349,sheintzman@hotmail.com,Samira,sheintzman@hotmail.com,349
350,margart_meisel@yahoo.com,Margart,margart_meisel@yahoo.com,350
351,kristofer.bennick@yahoo.com,Kristofer,kristofer.bennick@yahoo.com,351
352,wacuff@gmail.com,Weldon,wacuff@gmail.com,352
353,shalon@cox.net,Shalon,shalon@cox.net,353
354,denise@patak.org,Denise,denise@patak.org,354
355,louvenia.beech@beech.com,Louvenia,louvenia.beech@beech.com,355
356,audry.yaw@yaw.org,Audry,audry.yaw@yaw.org,356
357,kristel.ehmann@aol.com,Kristel,kristel.ehmann@aol.com,357
358,vzepp@gmail.com,Vincenza,vzepp@gmail.com,358
359,egwalthney@yahoo.com,Elouise,egwalthney@yahoo.com,359
360,venita_maillard@gmail.com,Venita,venita_maillard@gmail.com,360
361,kasandra_semidey@semidey.com,Kasandra,kasandra_semidey@semidey.com,361
362,xdiscipio@gmail.com,Xochitl,xdiscipio@gmail.com,362
363,mlinahan@yahoo.com,Maile,mlinahan@yahoo.com,363
364,krauser@cox.net,Krissy,krauser@cox.net,364
365,pdubaldi@hotmail.com,Pete,pdubaldi@hotmail.com,365
366,linn_paa@paa.com,Linn,linn_paa@paa.com,366
367,paris@hotmail.com,Paris,paris@hotmail.com,367
368,wynell_dorshorst@dorshorst.org,Wynell,wynell_dorshorst@dorshorst.org,368
369,qbirkner@aol.com,Quentin,qbirkner@aol.com,369
370,regenia.kannady@cox.net,Regenia,regenia.kannady@cox.net,370
371,sheron@aol.com,Sheron,sheron@aol.com,371
372,izetta.funnell@hotmail.com,Izetta,izetta.funnell@hotmail.com,372
373,rodolfo@hotmail.com,Rodolfo,rodolfo@hotmail.com,373
374,zona@hotmail.com,Zona,zona@hotmail.com,374
375,szagen@aol.com,Serina,szagen@aol.com,375
376,paz_sahagun@cox.net,Paz,paz_sahagun@cox.net,376
377,markus@yahoo.com,Markus,markus@yahoo.com,377
378,jaclyn@aol.com,Jaclyn,jaclyn@aol.com,378
379,cyril_daufeldt@daufeldt.com,Cyril,cyril_daufeldt@daufeldt.com,379
380,gschnitzler@gmail.com,Gayla,gschnitzler@gmail.com,380
381,erick_nievas@aol.com,Erick,erick_nievas@aol.com,381
382,jennie@cox.net,Jennie,jennie@cox.net,382
383,mscipione@scipione.com,Mitsue,mscipione@scipione.com,383
384,cventura@yahoo.com,Ciara,cventura@yahoo.com,384
385,galen@yahoo.com,Galen,galen@yahoo.com,385
386,tfeichtner@yahoo.com,Truman,tfeichtner@yahoo.com,386
387,gail@kitty.com,Gail,gail@kitty.com,387
388,dalene@schoeneck.org,Dalene,dalene@schoeneck.org,388
389,gertude.witten@gmail.com,Gertude,gertude.witten@gmail.com,389
390,lizbeth@yahoo.com,Lizbeth,lizbeth@yahoo.com,390
391,gberray@gmail.com,Glenn,gberray@gmail.com,391
392,lashandra@yahoo.com,Lashandra,lashandra@yahoo.com,392
393,lnewville@newville.com,Lenna,lnewville@newville.com,393
394,laurel@yahoo.com,Laurel,laurel@yahoo.com,394
395,mireya.frerking@hotmail.com,Mireya,mireya.frerking@hotmail.com,395
396,annelle@yahoo.com,Annelle,annelle@yahoo.com,396
397,dean_ketelsen@gmail.com,Dean,dean_ketelsen@gmail.com,397
398,levi.munis@gmail.com,Levi,levi.munis@gmail.com,398
399,sylvie@aol.com,Sylvie,sylvie@aol.com,399
400,sharee_maile@aol.com,Sharee,sharee_maile@aol.com,400
401,cordelia_storment@aol.com,Cordelia,cordelia_storment@aol.com,401
402,mollie_mcdoniel@yahoo.com,Mollie,mollie_mcdoniel@yahoo.com,402
403,brett.mccullan@mccullan.com,Brett,brett.mccullan@mccullan.com,403
404,teddy_pedrozo@aol.com,Teddy,teddy_pedrozo@aol.com,404
405,tasia_andreason@yahoo.com,Tasia,tasia_andreason@yahoo.com,405
406,hubert@walthall.org,Hubert,hubert@walthall.org,406
407,arthur.farrow@yahoo.com,Arthur,arthur.farrow@yahoo.com,407
408,vberlanga@berlanga.com,Vilma,vberlanga@berlanga.com,408
409,billye_miro@cox.net,Billye,billye_miro@cox.net,409
410,glenna_slayton@cox.net,Glenna,glenna_slayton@cox.net,410
411,mitzie_hudnall@yahoo.com,Mitzie,mitzie_hudnall@yahoo.com,411
412,bernardine_rodefer@yahoo.com,Bernardine,bernardine_rodefer@yahoo.com,412
413,staci_schmaltz@aol.com,Staci,staci_schmaltz@aol.com,413
414,nichelle_meteer@meteer.com,Nichelle,nichelle_meteer@meteer.com,414
415,jrhoden@yahoo.com,Janine,jrhoden@yahoo.com,415
416,ettie.hoopengardner@hotmail.com,Ettie,ettie.hoopengardner@hotmail.com,416
417,eden_jayson@yahoo.com,Eden,eden_jayson@yahoo.com,417
418,lynelle_auber@gmail.com,Lynelle,lynelle_auber@gmail.com,418
419,merissa.tomblin@gmail.com,Merissa,merissa.tomblin@gmail.com,419
420,golda_kaniecki@yahoo.com,Golda,golda_kaniecki@yahoo.com,420
421,catarina_gleich@hotmail.com,Catarina,catarina_gleich@hotmail.com,421
422,vkiel@hotmail.com,Virgie,vkiel@hotmail.com,422
423,jolene@yahoo.com,Jolene,jolene@yahoo.com,423
424,keneth@yahoo.com,Keneth,keneth@yahoo.com,424
425,rikki@nayar.com,Rikki,rikki@nayar.com,425
426,elke_sengbusch@yahoo.com,Elke,elke_sengbusch@yahoo.com,426
427,hoa@sarao.org,Hoa,hoa@sarao.org,427
428,trinidad_mcrae@yahoo.com,Trinidad,trinidad_mcrae@yahoo.com,428
429,mari_lueckenbach@yahoo.com,Mari,mari_lueckenbach@yahoo.com,429
430,selma.husser@cox.net,Selma,selma.husser@cox.net,430
431,aonofrio@onofrio.com,Antione,aonofrio@onofrio.com,431
432,ljurney@hotmail.com,Luisa,ljurney@hotmail.com,432
433,clorinda.heimann@hotmail.com,Clorinda,clorinda.heimann@hotmail.com,433
434,dick@yahoo.com,Dick,dick@yahoo.com,434
435,ahmed.angalich@angalich.com,Ahmed,ahmed.angalich@angalich.com,435
436,iluminada.ohms@yahoo.com,Iluminada,iluminada.ohms@yahoo.com,436
437,joanna_leinenbach@hotmail.com,Joanna,joanna_leinenbach@hotmail.com,437
438,caprice@aol.com,Caprice,caprice@aol.com,438
439,stephane_myricks@cox.net,Stephane,stephane_myricks@cox.net,439
440,quentin_swayze@yahoo.com,Quentin,quentin_swayze@yahoo.com,440
441,annmarie_castros@gmail.com,Annmarie,annmarie_castros@gmail.com,441
442,shonda_greenbush@cox.net,Shonda,shonda_greenbush@cox.net,442
443,clapage@lapage.com,Cecil,clapage@lapage.com,443
444,jeanice.claucherty@yahoo.com,Jeanice,jeanice.claucherty@yahoo.com,444
445,josphine_villanueva@villanueva.com,Josphine,josphine_villanueva@villanueva.com,445
446,dperruzza@perruzza.com,Daniel,dperruzza@perruzza.com,446
447,cassi.wildfong@aol.com,Cassi,cassi.wildfong@aol.com,447
448,britt@galam.org,Britt,britt@galam.org,448
449,adell.lipkin@lipkin.com,Adell,adell.lipkin@lipkin.com,449
450,jacqueline.rowling@yahoo.com,Jacqueline,jacqueline.rowling@yahoo.com,450
451,lonny_weglarz@gmail.com,Lonny,lonny_weglarz@gmail.com,451
452,lonna_diestel@gmail.com,Lonna,lonna_diestel@gmail.com,452
453,cristal@cox.net,Cristal,cristal@cox.net,453
454,kenneth.grenet@grenet.org,Kenneth,kenneth.grenet@grenet.org,454
455,emclaird@mclaird.com,Elli,emclaird@mclaird.com,455
456,ajeanty@gmail.com,Alline,ajeanty@gmail.com,456
457,sharika.eanes@aol.com,Sharika,sharika.eanes@aol.com,457
458,nu@gmail.com,Nu,nu@gmail.com,458
459,dcomnick@cox.net,Daniela,dcomnick@cox.net,459
460,cecilia_colaizzo@colaizzo.com,Cecilia,cecilia_colaizzo@colaizzo.com,460
461,leslie@cox.net,Leslie,leslie@cox.net,461
462,nan@koppinger.com,Nan,nan@koppinger.com,462
463,idewar@dewar.com,Izetta,idewar@dewar.com,463
464,tegan.arceo@arceo.org,Tegan,tegan.arceo@arceo.org,464
465,ruthann@hotmail.com,Ruthann,ruthann@hotmail.com,465
466,joni_breland@cox.net,Joni,joni_breland@cox.net,466
467,vrentfro@cox.net,Vi,vrentfro@cox.net,467
468,colette.kardas@yahoo.com,Colette,colette.kardas@yahoo.com,468
469,malcolm_tromblay@cox.net,Malcolm,malcolm_tromblay@cox.net,469
470,ryan@cox.net,Ryan,ryan@cox.net,470
471,jess.chaffins@chaffins.org,Jess,jess.chaffins@chaffins.org,471
472,sbourbon@yahoo.com,Sharen,sbourbon@yahoo.com,472
473,nickolas_juvera@cox.net,Nickolas,nickolas_juvera@cox.net,473
474,gary_nunlee@nunlee.org,Gary,gary_nunlee@nunlee.org,474
475,diane@cox.net,Diane,diane@cox.net,475
476,roslyn.chavous@chavous.org,Roslyn,roslyn.chavous@chavous.org,476
477,glory@yahoo.com,Glory,glory@yahoo.com,477
478,rasheeda@aol.com,Rasheeda,rasheeda@aol.com,478
479,alpha@yahoo.com,Alpha,alpha@yahoo.com,479
480,refugia.jacobos@jacobos.com,Refugia,refugia.jacobos@jacobos.com,480
481,shawnda.yori@yahoo.com,Shawnda,shawnda.yori@yahoo.com,481
482,mdelasancha@hotmail.com,Mona,mdelasancha@hotmail.com,482
483,gilma_liukko@gmail.com,Gilma,gilma_liukko@gmail.com,483
484,jgabisi@hotmail.com,Janey,jgabisi@hotmail.com,484
485,lili.paskin@cox.net,Lili,lili.paskin@cox.net,485
486,loren.asar@aol.com,Loren,loren.asar@aol.com,486
487,dorothy@cox.net,Dorothy,dorothy@cox.net,487
488,gail_similton@similton.com,Gail,gail_similton@similton.com,488
489,catalina@hotmail.com,Catalina,catalina@hotmail.com,489
490,lawrence.lorens@hotmail.com,Lawrence,lawrence.lorens@hotmail.com,490
491,carlee.boulter@hotmail.com,Carlee,carlee.boulter@hotmail.com,491
492,tankeny@ankeny.org,Thaddeus,tankeny@ankeny.org,492
493,joles@gmail.com,Jovita,joles@gmail.com,493
494,alesia_hixenbaugh@hixenbaugh.org,Alesia,alesia_hixenbaugh@hixenbaugh.org,494
495,lai@gmail.com,Lai,lai@gmail.com,495
496,bgillaspie@gillaspie.com,Brittni,bgillaspie@gillaspie.com,496
497,rkampa@kampa.org,Raylene,rkampa@kampa.org,497
498,flo.bookamer@cox.net,Flo,flo.bookamer@cox.net,498
499,jbiddy@yahoo.com,Jani,jbiddy@yahoo.com,499
500,chauncey_motley@aol.com,Chauncey,chauncey_motley@aol.com,500
